solver,solved,par2,par10
z3,7499,4933.5942397117615,14533.594239711761
