solver,solved,par2,par10
cvc5,551,630.9123694896698,630.9123694896698
z3,551,43.17735552787781,43.17735552787781
