solver,solved,par2,par10
cvc5,1646,579912.6570317745,2696712.6570317745
z3,2004,349804.28364276886,1607404.2836427689
