solver,solved,par2,par10
cvc5,1641,581961.7934453487,2710761.7934453487
