solver,solved,par2,par10
z3alpha,3410.8,70932.24918,313588.2492
z3alpha0,2658.2,83569.42634,386433.4263
fastsmt,3305.4,72837.76885,323925.7689
z3,2390,88146.28572440147,412466.2857244015
cvc5,2361,90359.37987565994,416999.37987565994