solver,solved,par2,par10
z3-4.12.1,10905,762707.3568861485,3760307.3568861485
