solver,solved,par2,par10
z3-4.12.1,10905,762707.3568861485,3760307.3568861485
z3alpha,11483,453884.71194958687,2064284.7119495869
