solver,solved,par2,par10
z3,11199,1412752.2012381554,6469552.201238155
z3alpha,12646,585449.2298862934,2169449.2298862934
cvc5,9887,2164179.0369598866,10369779.036959887
