solver,solved,par2,par10
z3,11199,1412752.2012381554,6469552.201238155
