solver,solved,par2,par10
cvc5,13344,7603643.184713364,36641243.18471336
