solver,solved,par2,par10
z3,19122,4180604.801835537,19351004.801835537
