solver,solved,par2,par10
z3,42505,1005292.630617857,4543852.630617857
