solver,solved,par2,par10
z3,1697,6324.125995159149,29124.12599515915
cvc5,1695,6274.339975357056,29234.339975357056
fastsmt,1770,4465.583726882935,21425.583726882935
