solver,solved,par2,par10
z3alpha,4501,280763.02092432976,1213403.0209243298
