solver,solved,par2,par10
fastsmt,3892,173223.9509513378,859943.9509513378
