solver,solved,par2,par10
z3,1541,5620.806834936142,19300.806834936142
cvc5,1197,11341.617948532104,52541.617948532104
fastsmt,1545,4985.0639753341675,18345.063975334167
