solver,solved,par2,par10
z3,15881,79301.93809461594,352901.93809461594
