solver,solved,par2,par10
z3,18761,120009.48069500923,549609.4806950092
