solver,solved,par2,par10
z3alpha_2,2012,289903.6475532055,1384303.6475532055
z3alpha_3,2009,291178.40408682823,1392778.4040868282
