solver,solved,par2,par10
z3,584,15781.526247024536,75781.52624702454
