solver,solved,par2,par10
z3,2306,105115.71985220909,493915.7198522091
cvc5,2325,88445.23634290695,431645.23634290695
z3alpha_1,2009,291604.39752936363,1393204.3975293636
