solver,solved,par2,par10
z3,5585,222899.07349920273,1086899.0734992027
