solver,solved,par2,par10
z3,204,1641.6705393791199,6921.67053937912
cvc5,223,1407.6579942703247,5167.657994270325
fastsmt,270,234.33833241462708,234.33833241462708
