solver,solved,par2,par10
z3,11569,268486.1928651333,1110886.1928651333
z3alpha,11676
