solver,solved,par2,par10
fastsmt,742,5938.162924528122,26818.162924528122
z3alpha2,738,5944.560102462769,27144.56010246277
