solver,solved,par2,par10
z3,712,6483.609223842621,29763.60922384262
cvc5,638,7758.303824901581,36958.30382490158
