solver,solved,par2,par10
z3,61,179.020085811615,739.020085811615
cvc5,17,1069.2577385902405,5149.2577385902405
fastsmt,60,195.11692118644714,835.1169211864471
