solver,solved,par2,par10
z3,12700,297587.3411576748,1170227.3411576748
